
-----Admin Tables
INSERT INTO ADMIN (ADMIN_ID, EMAIL, PASSWORD) VALUES ('A001', 'neilballad97@gmail.com', 'Atos123$');
INSERT INTO ADMIN (ADMIN_ID, EMAIL, PASSWORD) VALUES ('A002', 'eu.laraga@gmail.com', 'Atos123$');
INSERT INTO ADMIN (ADMIN_ID, EMAIL, PASSWORD) VALUES ('A003', 'json0608@gmail.com', 'Atos123$');




---Items Table
INSERT INTO ATC_ITEMS (ATC_ID, CART_ID, USERID, PRODUCT_ID, ATC_QTY) VALUES ('A001', 'C001', 'U001', '0001', '5');
INSERT INTO ATC_ITEMS (ATC_ID, CART_ID, USERID, PRODUCT_ID, ATC_QTY) VALUES ('A002', 'C002', 'U002', '0002', '8');
INSERT INTO ATC_ITEMS (ATC_ID, CART_ID, USERID, PRODUCT_ID, ATC_QTY) VALUES ('A003', 'C003', 'U003', '0003', '7');



---Cart Tables
INSERT INTO CART (CART_ID, USERID) VALUES ('C001', 'U001');
INSERT INTO CART (CART_ID, USERID) VALUES ('C002', 'U002');
INSERT INTO CART (CART_ID, USERID) VALUES ('C003', 'U003');



--- Category tables
INSERT INTO CATEGORY (CAT_ID, CAT_NAME) VALUES ('P00C001', 'Appliances');
INSERT INTO CATEGORY (CAT_ID, CAT_NAME) VALUES ('P00C002', 'Appliances');
INSERT INTO CATEGORY (CAT_ID, CAT_NAME) VALUES ('P00C003', 'Appliances');



--- Coupon tables
INSERT INTO COUPON (COUP_ID, COUP_NAME, DISC_VAL, EXPIRY_DATE) VALUES ('COUPON01', 'Holidays', '25', TO_DATE('2022-02-01 00:00:00', 'YYYY-MM-DD HH24:MI:SS'));
INSERT INTO COUPON (COUP_ID, COUP_NAME, DISC_VAL, EXPIRY_DATE) VALUES ('COUPON02', 'Discount1', '10', TO_DATE('2022-01-31 00:00:00', 'YYYY-MM-DD HH24:MI:SS'));
INSERT INTO COUPON (COUP_ID, COUP_NAME, DISC_VAL, EXPIRY_DATE) VALUES ('COUPON03', 'Discount2', '20', TO_DATE('2022-03-31 00:00:00', 'YYYY-MM-DD HH24:MI:SS'));




---Customer Account tables
INSERT INTO CUSTOMERACC (USERID, UNAME, EMADD, PWORD, REGDATE, ADDR, CONUM) 
VALUES ('U001', 'Thor', 'Thor@yahoo.com', 'Thor123', TO_DATE('2022-01-01 00:00:00', 'YYYY-MM-DD HH24:MI:SS'), 'Manila', '0092000');

INSERT INTO CUSTOMERACC (USERID, UNAME, EMADD, PWORD, REGDATE, ADDR, CONUM) 
VALUES ('U002', 'Benito', 'BenitoBaldado@gmail.com', 'benito123', TO_DATE('2022-01-02 00:00:00', 'YYYY-MM-DD HH24:MI:SS'), 'Cebu', '29802000');

INSERT INTO CUSTOMERACC (USERID, UNAME, EMADD, PWORD, REGDATE, ADDR, CONUM) 
VALUES ('U003', 'Tucker', 'Tucker1@yahoo.com', 'tucker123', TO_DATE('2022-01-03 00:00:00', 'YYYY-MM-DD HH24:MI:SS'), 'Davao', '39820992');




---Orderlist tables
INSERT INTO ORDERLIST (ORDER_ID, CART_ID, USERID, ORDER_DATE, DEL_DATE, COUP_ID, AMOUNT, METHOD_PAYMENT)
VALUES ('OR00001', 'C001', 'U001', TO_DATE('2022-01-20 00:00:00', 'YYYY-MM-DD HH24:MI:SS'), TO_DATE('2022-01-25 00:00:00', 'YYYY-MM-DD HH24:MI:SS'), 'Discount2', '15000.00', 'DEBIT');

INSERT INTO ORDERLIST (ORDER_ID, CART_ID, USERID, ORDER_DATE, DEL_DATE, COUP_ID, AMOUNT, METHOD_PAYMENT) 
VALUES ('OR00002', 'C002', 'U002', TO_DATE('2022-01-15 00:00:00', 'YYYY-MM-DD HH24:MI:SS'), TO_DATE('2022-01-20 00:00:00', 'YYYY-MM-DD HH24:MI:SS'), 'Discount1', '7000.00', 'DEBIT');

INSERT INTO ORDERLIST (ORDER_ID, CART_ID, USERID, ORDER_DATE, DEL_DATE, COUP_ID, AMOUNT, METHOD_PAYMENT) 
VALUES ('OR00003', 'C003', 'U003', TO_DATE('2022-01-18 00:00:00', 'YYYY-MM-DD HH24:MI:SS'), TO_DATE('2022-01-23 00:00:00', 'YYYY-MM-DD HH24:MI:SS'), 'Holidays', '85000.00', 'DEBIT');





---Productlist tables
INSERT INTO PRODUCTLIST (PRODUCT_ID, PROD_NAME, CAT_ID, PROD_PRICE, PROD_IMG, PROD_AVAIL_QTY) VALUES ('F001', 'Freezer', 'P00C001', '500.00', 'freezer.jpg', '5');
INSERT INTO PRODUCTLIST (PRODUCT_ID, PROD_NAME, CAT_ID, PROD_PRICE, PROD_IMG, PROD_AVAIL_QTY) VALUES ('A002', 'Aircon', 'P00C002', '200.00', 'aircon.jpg', '10');
INSERT INTO PRODUCTLIST (PRODUCT_ID, PROD_NAME, CAT_ID, PROD_PRICE, PROD_IMG, PROD_AVAIL_QTY) VALUES ('T003', 'Television', 'P00C003', '70000.00', 'tv.jpg', '20');


